trade_alert_id,trade_id
MSP0001,JKPBYWLNLX
MSP0001,47LA9VI16K
MSP0001,RF9KRAEHB0
MSP0001,LT69IGZKHB
MSP0001,6PM0BURTE8
MSP0001,MAC7VJJB8D
MSP0001,BS2T7LB1C1
MSP0002,S4MD1J9O4B
MSP0002,MVUTOR38JY
MSP0002,MVG3ACSSKJ
MSP0002,R177D6EV7X
MSP0002,850O5RE4L7
MSP0002,KVJ8KSE662
MSP0002,1V4S5BBDUZ
MSP0003,HLVKYBC0WB
MSP0003,NAG1MFKJGD
MSP0003,L3LE0PDYH5
MSP0003,40IQT1PK25
MSP0003,PLZK1J5NBF
MSP0003,VM14MUALVH
MSP0003,TY69RPHT7R
MSP0003,1C36Z5VQL7
MSP0003,1VMXWZGXK2
MSP0003,VKM0Q45B0N
MSP0003,UD7V68GOGB
MSP0003,7CT2X5QYP5
MSP0004,83JWTWWXSY
MSP0004,GWL7KTTIRD
MSP0004,0DQXC9NAXU
MSP0004,MHFHQDO41W
MSP0004,QW2I2XBMK5
MSP0004,PZUMMCKYI9
MSP0004,35M072AXG4
MSP0004,RU3O6VC0UO
MSP0004,XK20MI0YGJ
MSP0005,ZAQS6LIMGU
MSP0005,PGJ042LEFO
MSP0005,14MR2GH1G1
MSP0005,LACV8SQDYB
MSP0005,HMLH1YIYZT
MSP0005,CQVVEJIXLU
MSP0005,VB589970CQ
MSP0005,PTP1I1HNV5
MSP0005,YSHLSDOO4E
MSP0005,FHDLTLLQTL
MSP0005,NP7LFP9RNY
MSP0005,29TA5FEYVC
MSP0005,AF94IE39GX
MSP0006,F2X86D0VEJ
MSP0006,5GW3K0DZVG
MSP0006,1DW3XVQIK0
MSP0006,LPIOOM0VRE
MSP0006,KGUW6NI7Y1
MSP0006,F4HSJIV2PE
MSP0006,AVDV1JIHIE
MSP0006,DLOWJFG78H
MSP0006,FF1Y3J9JXF
MSP0006,1U4UCC1BNA
MSP0006,LBC4C26QL1
MSP0006,MBE50NZABS
MSP0006,X1NJTUDUFU
MSP0006,F40JMVA3KC
MSP0006,SFAEQ8IKIM
MSP0006,RYBJ2DD3LJ
MSP0006,YZUZT3GROT
MSP0007,IRA8N18R5R
MSP0007,WPKRCG05DD
MSP0007,CIQNGMMSU5
MSP0007,BALHRKMUU7
MSP0007,54AFNS0PWA
MSP0007,ZI9XBI0574
MSP0007,9ETSTBRKWI
MSP0007,UGU69QI0CF
MSP0007,BY3UXABBF9
MSP0008,PSQ2TQONTY
MSP0008,KV9A84TVNE
MSP0008,KS8VZE9I8Q
MSP0009,RB9AARAFWZ
MSP0009,4Q5XTKMFSK
MSP0009,ILG19FIL6Q
MSP0009,2NKQ2CLI3Q
MSP0009,WHJIMXOLSW
MSP0009,Y6XFGHD18S
MSP0009,IOJIP41K7H
MSP0010,E8NDU5M4V0
MSP0010,N8VWMNYBIV
MSP0010,LIY3P50Z5G
MSP0010,48VIUZD1T7
MSP0010,ZHJ451LUH4
MSP0010,P24SIMIXKW
MSP0010,SY7H8SE7MW
MSP0010,JABFQX2WW7
MSP0010,BT0NTKJEL2
MSP0010,CVB86SN0WZ
MSP0010,YAMH8TLKUA
MSP0010,QZ5QK9IBU9
MSP0010,31ZITDNSYD
MSP0010,55GMJ7CHLU
MSP0010,C7G3GLV3GH
MSP0011,TEEZ9J7MMD
MSP0011,DVPBUHIANH
MSP0011,ZJM84OIKTU
MSP0012,9GOLP602J8
MSP0012,PS1ZEY71RS
MSP0012,R80Z1FQVHE
MSP0012,GNMJK0DLQT
MSP0012,6PKVXPUQLL
MSP0012,SRZ8T2V5ON
MSP0012,ZG2WOAT2BB
MSP0012,YQIHXSWKS4
MSP0012,97XY6G01E5
MSP0012,D5YG6DYHC3
MSP0012,YMCG9JYQGL
MSP0013,35QTWXW293
MSP0013,BUQS87KU80
MSP0013,SO746KVZ8A
MSP0013,HQGV9TKY3Q
MSP0013,WP732A41OV
MSP0013,YCJA8A2SU3
MSP0013,6IY48SLZRW
MSP0013,7VHGP00H06
MSP0013,XBMTPWGP1M
MSP0013,IFWJ718T7A
MSP0013,3DN0UAU23N
MSP0013,VX6XLTIMYF
MSP0014,XCB7REXNT6
MSP0014,H90DAJAM9R
MSP0014,S459EVEIKX
MSP0014,XLWX4RSSED
MSP0015,YIARYMJF05
MSP0015,D53FZNP44G
MSP0015,I5R80BHOHE
MSP0015,F5PKCYZQ3L
MSP0016,JFQWLTJZX8
MSP0016,H4T2QEYEXP
MSP0016,JYFQL9B4KB
MSP0016,10AQ0IP024
MSP0016,GCMQ2QIJWP
MSP0016,CV1OFLO6EM
MSP0017,57D7HITBNH
MSP0017,0HTZBXJOXA
MSP0017,0MEEYQR3A1
MSP0017,VQPOUGSHY5
MSP0018,4226GVDKBY
MSP0018,XPE01BHN0C
MSP0019,HP7WMPTISZ
MSP0019,Z4OX9LI9KR
MSP0019,SEIYQH2EHQ
MSP0019,HXRLZNKT15
MSP0019,VR22XXYUIK
MSP0019,ANALUBWWUW
MSP0019,LVWTGH7JDQ
MSP0019,XPX1YX4Z3O
MSP0020,V2PPL0VSAD
MSP0020,F9VI338FX9
MSP0020,KS9WBMNJIS
MSP0020,7COS29O073
MSP0020,03HQ4F3KUS
MSP0020,2TUBXPEH27
MSP0020,7JLL4C61RV
MSP0020,5OWXL0SNK0
MSP0020,IYMBE5LA0T
MSP0021,QNGXA9BM7F
MSP0021,PDPR2P7EBA
MSP0021,L6J9Q5XBSP
MSP0021,OF554NJB0L
MSP0021,K89GN8H2EG
MSP0021,CW10TMFAMW
MSP0022,45MBMFTF7V
MSP0022,BW5ZU4KNCZ
MSP0022,BC4F26R5P8
MSP0022,H3Z628GJIB
MSP0023,JHWN0FETO0
MSP0023,N9R12BA77E
MSP0023,EN3F3A0K8R
MSP0023,XYWDBD10KB
MSP0023,91ADAOM7NB
MSP0023,TJ4GWSWEQW
MSP0023,FWUWPKIHPQ
MSP0023,RN0AD8XTAV
MSP0023,LMYKFJ7JNW
MSP0023,VYI401QZTN
MSP0023,6BOGUSR9TO
MSP0023,FPD48V9CWP
MSP0024,JDZRBGUGOE
MSP0025,22FE200PSA
MSP0025,F9UK1NN45S
MSP0025,GEV6Y4VBM3
MSP0025,HS3I9ED9D0
MSP0025,R86W8YC6GN
MSP0025,DLVIF0RPIA
MSP0025,LINBYZYTN0
MSP0025,E61DWXSV6S
MSP0025,ZRSV2IKPHM
MSP0025,MXWTID655S
MSP0026,JPBW34UXSQ
MSP0026,RFCFERTVPG
MSP0026,ST4TAZ1KEF
MSP0026,TTTJWJUVX2
MSP0026,I4LVIDJITA
MSP0026,QSQ3BSPHX2
MSP0027,0TR9G8YHY1
MSP0027,Y8Q69UDN1U
MSP0028,AGWTEZC9FQ
MSP0028,JEJA69N5Q6
MSP0028,TB41IJANB7
MSP0028,CBPABGD3ES
MSP0028,CBEBWEVG90
MSP0028,WDSNRJH8UO
MSP0028,DKLXL0KJJL
MSP0028,012KZHM7K4
MSP0028,AZX9OPUO2P
MSP0028,W2VB4HE5HT
MSP0028,7BF4SBR0MN
MSP0029,QQPQ68R833
MSP0029,MWING3GHQP
MSP0029,QBGB3QCHWV
MSP0029,8JMN6SZ674
MSP0029,Q4CMBZ4FL4
MSP0029,40UJOCIQPC
MSP0029,88P0SR0Y61
MSP0030,PIHNTEZQ5K
MSP0030,SJFE79OHPE
MSP0030,0W8EHQXEHP
MSP0030,6AKEIOEQ7E
MSP0030,IAFIYSQAYN
MSP0030,BUO4MI40W8
MSP0030,0A9056JAXQ
MSP0030,T571HB67JB
MSP0030,B6HDMF9GKJ
MSP0030,F7ZSYJC48B
MSP0030,MDET7VP7YZ
MSP0030,8VV0IGMR0J
MSP0030,A4E9JNF30C
MSP0030,U3MJIAAPWA
MSP0030,NXAZ3VH0M0
MSP0030,JPPLZ5LE34
MSP0030,BDQVXF5RVB
MSP0030,RZUU6IKWR9
MSP0030,4SWMQ4OANO
MSP0030,6VH2OLKVEN
MSP0030,2K5KO6I8BJ
MSP0030,3OBTHMS0KN
MSP0030,TS19GEU8FR
MSP0031,1WVGEEA8NX
MSP0031,FJCIWM9660
MSP0031,AM2IGLVHHE
MSP0031,IPS7A6L0Y8
MSP0031,IFDE37VA5V
MSP0031,0C0357MBXD
MSP0032,YXBZA65UXC
MSP0032,WPZBRJK8TF
MSP0032,48KU3AZ35H
MSP0032,JS12F450SO
MSP0032,OZ0I38SNSA
MSP0032,HQETFSWGD3
MSP0032,TN9PBECNL4
MSP0032,HWKOTI2OQ3
MSP0032,ZUT4R16YBJ
MSP0032,UVZYCT13V6
MSP0032,QPX7E9PALQ
MSP0032,HUC0B94U63
MSP0032,AGSJTF0GX4
MSP0032,XMSRJYTCRO
MSP0032,MWUS927X9V
MSP0032,G298KDH1HX
MSP0032,429VWTSSK4
MSP0032,WN6YMJ4V7M
MSP0032,7ELU5GGNHJ
MSP0032,C321EGOINU
MSP0033,NPFJWPVHC5
MSP0033,M0RUJLECBW
MSP0033,8G42P667RK
MSP0033,2PT1ERBRI6
MSP0034,A80U6VSH31
MSP0035,9TFLV9773U
MSP0035,1XNNVRMRTI
MSP0035,AYHAG72JVM
MSP0035,C2OJ4AQFEA
MSP0035,W0N8Y40WBV
MSP0035,EIU2Y1ZN6G
MSP0035,T6KQTJBKEY
MSP0035,DK957BXWE6
MSP0035,OT8NAFV90W
MSP0035,UP6A9Y2FCO
MSP0035,YE9PMBG8T6
MSP0035,LVZ0YDJQCM
MSP0035,6XZ7RFVQ21
MSP0035,YUQS42AZ40
MSP0035,BT9T7XBP1S
MSP0035,U5JCUO248O
MSP0035,S2QV3X6H2Z
MSP0035,4M070JYKRW
MSP0035,ZC1HKOS6IJ
MSP0035,DJ8HX25MZR
MSP0036,QZXWU7LPJU
MSP0037,75OJZCQVYD
MSP0037,01W5BZE6RD
MSP0037,T8EJQBDL0Z
MSP0038,KMMZW28OXS
MSP0038,LPUXYO437U
MSP0038,HDW9G0NCYH
MSP0038,DL7ZFKJKY6
MSP0038,6OPYOF6Q7O
MSP0038,HIX89UB68K
MSP0038,ZKLUWXHUJJ
MSP0038,BR7DH4UGAO
MSP0038,UOK6ZU5DXF
MSP0039,3IS9W9VHYW
MSP0039,4TMQI72H0G
MSP0039,U2MIOM0NN8
MSP0039,KTCBP1LLFK
MSP0039,9J5WH1IJMY
MSP0039,86YWIU0TKO
MSP0040,S0W1HQQ7HL
MSP0040,CC04FUEO23
MSP0040,6AD97LSUY1
MSP0040,Y1HT1VIX1A
MSP0040,6JXN4P4017
MSP0041,Y2O5YBJ7AD
MSP0041,9HSTM7D50L
MSP0041,VGHKYK3NDD
MSP0041,HSSX2EY3EO
MSP0041,5OJWTUH0G4
MSP0041,QCZPCATXTZ
MSP0041,MWWKKDK3X7
MSP0041,AQ5QX41X2K
MSP0041,VD8FJ9SHSC
MSP0041,QI23O2AFKN
MSP0041,MHT76OA56V
MSP0041,4LKKT2SK8U
MSP0041,0JVXPB6H97
MSP0041,00XMVMXJ2U
MSP0041,3YH2MWZ782
MSP0041,PVR8WASUBN
MSP0041,B0XJ5FJFG0
MSP0041,KW6JO35ISL
MSP0041,YEIOQAXKLV
MSP0041,PQRYKVI6DC
MSP0042,21JFBD32SU
MSP0042,UEUBVBGMWZ
MSP0042,759YMDE8ND
MSP0042,OZY24A22TS
MSP0042,0PD279DUWC
MSP0042,0EIIWCXPL5
MSP0042,O2HT2AA2J6
MSP0042,095V5BZS8S
MSP0042,6VL2AVY3IV
MSP0042,4OVACSROD4
MSP0042,2WEAFR2FZB
MSP0042,6G2ZMM8ZI6
MSP0042,X0JACMYPWQ
MSP0043,EKCJ152RZ7
MSP0043,9NJZRUXNFG
MSP0043,4ULW73RV90
MSP0043,5FIBRRBXA2
MSP0044,J9V6PR30HS
MSP0045,ZNZVALACRJ
MSP0045,7RRG2LHNVJ
MSP0045,UM4E6H5AAD
MSP0045,L9SGRJZU07
MSP0046,I8259MF4R8
MSP0046,PB7ZIBYTB9
MSP0046,BL55AY9UOR
MSP0046,BQPWDWO09I
MSP0047,QFT80QLMAB
MSP0047,E95LCMAYNB
MSP0047,8AK6RUB1J8
MSP0047,VPO9PE0ZH4
MSP0047,L97U8I9QRB
MSP0047,XSDK25NDI4
MSP0047,81EDE0FKPE
MSP0047,TAUXLGB4AV
MSP0047,CXUV2C0KFQ
MSP0047,AGFMEG4QMP
MSP0047,U55A28YGXW
MSP0048,P0WSP9CBRB
MSP0048,KT1JSTGGUG
MSP0048,VHBG1VN9N5
MSP0048,9ZT61WL9Z8
MSP0048,FF2CVD19OH
MSP0048,S735OMLK7E
MSP0048,74MQ4KIIZH
MSP0048,XFCAZNKXGS
MSP0048,0BDTVFFYQE
MSP0048,W8RHRIG3MY
MSP0048,PIKBFPFAYC
MSP0048,I0LLXLA9UY
MSP0048,KFSYA4P3CP
MSP0048,8S7TTCOUDF
MSP0048,BGP0YC6TMN
MSP0048,3SOC4P2YAX
MSP0048,ZKGN29OGAC
MSP0048,EI866NL3A6
MSP0048,OD5NU0CZNT
MSP0048,HY6WI4EKB4
MSP0048,BPL12LPNYW
MSP0049,QYSJ2GIYZ8
MSP0049,NNAB1JOZVM
MSP0050,FD73B73MXJ
MSP0050,1BA6FU1SAA
MSP0050,2SL44NDUW7
MSP0050,ZBH2QS1C2Y
MSP0050,3XIAWHT8AU
MSP0050,CNXW2GGT50
MSP0051,S3XMUMOKRM
MSP0051,OI9KGTLQ0C
MSP0051,7GF45HXTUL
MSP0051,ZWLP88BZRA
MSP0051,7DOJ8FHKDX
MSP0051,S3TZ63ZFGR
MSP0051,XDK1LG8R4K
MSP0051,NFIKKAE8YE
MSP0051,EYSH71ADCO
MSP0051,STAD2846Q3
MSP0051,HKBNB0DYU9
MSP0051,IPSRWZDUBS
MSP0052,3Z00Q040VC
MSP0052,I1MHLU29B4
MSP0052,CAI4K2PDRI
MSP0053,8VHLGL6G6K
MSP0053,7TM5PVESPE
MSP0053,I3UMHSAZIO
MSP0053,1A98BO84QT
MSP0053,T4G2YTC1H6
MSP0053,RW3A63P1CL
MSP0053,77FXS8VAHE
MSP0053,8GXGBPUJ9W
MSP0053,PBKTNA9KW8
MSP0053,W79ZXEATZ0
MSP0053,66G9JBO24X
MSP0053,XV1GNZB6G2
MSP0053,JVQ8K6W0GA
MSP0054,SO8S7IR3F7
MSP0054,2F4QM8SI3Z
MSP0054,BJ0DI15OOS
MSP0054,RCCJ6H0P1L
MSP0054,GYR8A16RZP
MSP0054,8C64T6LZZU
MSP0054,5ZE1ZQFRVE
MSP0054,UERA1VDRPY
MSP0054,WERQAVO5E4
MSP0054,WYKESW1AAN
MSP0055,RQON5OBZXN
MSP0055,XSQT4ZRY7L
MSP0055,0FCM15DRO0
MSP0055,FFNU2GGLJ7
MSP0055,ZXDWCX0A0E
MSP0055,GYWLDC8MDZ
MSP0055,I0S6HJIWDY
MSP0055,SJW9IUBI1R
MSP0055,5CQHY28MKL
MSP0055,X8X77E83PV
MSP0056,DS5O6E92WW
MSP0056,NS1A758D8W
MSP0056,169OPVPKZQ
MSP0056,ZVUTGO4B3U
MSP0056,U41Y2KZ9IU
MSP0057,W94TE5J6OS
MSP0057,NI5NPOL70F
MSP0057,OEE5OLW8PL
MSP0057,T5I8Y8NRB7
MSP0058,0SYD1PKXER
MSP0058,IKKUGI9M2I
MSP0058,XFMFMI013H
MSP0058,2XCMZ72686
MSP0059,AOVE2XLVKX
MSP0059,EJW310LNCL
MSP0059,0ICL9UB93T
MSP0059,7TUQD2LI2H
MSP0059,BOGLL2LF8B
MSP0059,PEIK4JN4FX
MSP0059,UAGI8OBV8U
MSP0059,BO3687V78W
MSP0059,FCUPL8DBVP
MSP0059,GG2QWU3HG0
MSP0060,ZZYGQK1MOQ
MSP0061,NLSCGBFHCB
MSP0061,7FJCZ5VEGB
MSP0061,24JPYQTM4W
MSP0061,5P1MG3L1LO
MSP0061,SC895RIA06
MSP0061,IKKRRA64VL
MSP0061,6A24CI061S
MSP0061,XN2Z2VXMOJ
MSP0061,GOFYP0QZ0F
MSP0061,5N75F8V1UH
MSP0061,J99WG2DMWC
MSP0061,XR7YA3GKPH
MSP0061,CDOGVEVHGN
MSP0061,APBK5NGZ1X
MSP0061,O8QA558E4M
MSP0061,9OW22H8SBE
MSP0061,9BDBTTVILP
MSP0061,GZCULP39OK
MSP0061,KHU0P7RQC6
MSP0061,ZNA81BBT8U
MSP0061,MYFRKR15O3
MSP0061,HI6B8QC2BL
MSP0061,S67DW1AV6J
MSP0061,2IOTNW2TQ8
MSP0061,62GBGBZWQV
MSP0061,FMMZJ6N38S
MSP0061,03T2WY49UP
MSP0061,5NXG659RM1
MSP0061,J41XU1DEH1
MSP0062,D9IGC9Q2JX
MSP0063,N2TC7OO3NW
MSP0064,BL9B6SV7H9
MSP0064,35QSKTZ08U
MSP0064,71UHM168NR
MSP0065,89VPJ9GESO
MSP0065,RHOWNXEE5Q
MSP0065,W9LENLZZCV
MSP0065,H5GS0RP1A3
MSP0065,SXZWDK4BZS
MSP0066,G87LOPB52L
MSP0066,NOIKFUFYJU
MSP0066,75ORFC1PRM
MSP0066,GYCL726MYZ
MSP0066,518AHBP61Z
MSP0066,G7KFEM0OQM
MSP0067,TH6WFXO1R9
MSP0067,RLGARTY2NG
MSP0067,KXMYFKDDJR
MSP0067,54SGQ1WNHX
MSP0067,J61G0FQAXG
MSP0067,1VMMSL1GBR
MSP0067,WV3YD20678
MSP0068,QCJC4DEE98
MSP0068,5QPKP4SYPZ
MSP0068,1HF0THZH2B
MSP0068,54HRA9JWR6
MSP0068,L4IY7A7HRJ
MSP0068,A0XZF5GUUH
MSP0068,HOCYONTCN8
MSP0069,N99QBYZ68W
MSP0069,QOS21AX65L
MSP0069,O6FLH4TY7H
MSP0070,J3KF0ZMX02
MSP0070,YLBG9PHEX1
MSP0070,CVZHOM62JS
MSP0070,X0AKEF0XHK
MSP0070,3CIPF7MIJG
MSP0070,7EO5FXNP7X
MSP0070,43CZ49M1OF
MSP0070,5QUEEDWLKV
MSP0070,S9VVMRZ42X
MSP0070,VFTWCHK7H7
MSP0070,CWXSX94P58
MSP0070,S70ISGRTSP
MSP0070,IGFEWX5DJ0
MSP0070,KLQ5V7C4BL
MSP0070,0R2U82FE6J
MSP0070,E7SGGHZ8PD
MSP0070,YCQHVC3JSU
MSP0070,EF6WI2G15R
MSP0070,THECJ06V9O
MSP0070,TINBZ72LR8
MSP0070,OHF60P3VVE
MSP0071,N9SQKD5ZO8
MSP0071,TJK77JVT88
MSP0071,7POP8K1WCR
MSP0071,N9B1G6OAZF
MSP0071,6W0GQTGN37
MSP0071,KX3LZ3A4GY
MSP0072,ZBCAYHN3EF
MSP0072,I98XQF7AFY
MSP0072,QALO93FATT
MSP0072,UMWVSXT5YN
MSP0072,NYJINEWELL
MSP0072,QZGBY6GNWF
MSP0072,T39BLMUKLA
MSP0072,2PMI3SQX2X
MSP0073,L8LP1WBCH5
MSP0073,9E65AZHB4E
MSP0074,HKDPPODVG4
MSP0074,3H90G2P5GJ
MSP0074,6BERODV6HA
MSP0074,7KD58O6IJT
MSP0074,3FRXL5KKLY
MSP0075,3UREC28VBR
MSP0075,QKVBQMXS1F
MSP0075,JWWPKJSPQD
MSP0075,SXHE4KMVDB
MSP0075,96DUAQF0C6
MSP0075,CK8475EOTF
MSP0075,N8GYOT533O
MSP0075,XTX6EU23Q9
MSP0075,RIWKZ95GE3
MSP0075,J4K74DQ1RH
MSP0075,2RJAGDN2MV
MSP0075,T5L7UHFHKT
MSP0075,L6AUYFDTH9
MSP0075,TF0H4VM9SN
MSP0075,AD62WLPOPW
MSP0075,1GZU5WSST6
MSP0075,N5MZM686OL
MSP0075,UIIFKW7PV5
MSP0076,LCVN8PDZZ7
MSP0076,XXNOCA8I7B
MSP0076,18HM5LI3RU
MSP0076,MWN3YE36HM
MSP0076,UU9S6MZ6FU
MSP0076,D75OTQ9Q1N
MSP0076,YAS8OTLGZL
MSP0076,ACP223ZA58
MSP0076,RW4U81PRZC
MSP0076,LZJ91NRCE9
MSP0076,Y8IIB43O5X
MSP0076,HZ6NLU9NKS
MSP0076,300T593MJA
MSP0077,O1UNUPKVN8
MSP0077,DYMWN4ZOL0
MSP0077,RIR6V9S5GL
MSP0077,FKJOMTLXR7
MSP0077,SAG8XB2OU4
MSP0077,FRSWX4TZ6D
MSP0077,CCR04OU3LF
MSP0077,HVUTW685Q0
MSP0077,09ANPTLJ4I
MSP0077,NW8AMCHCV3
MSP0077,QYOZ49TKWR
MSP0077,VG9WYP8QGG
MSP0077,EGN2DEUR81
MSP0077,KWMZ9WWTGU
MSP0077,EOPT39M7PE
MSP0077,1SFS8EEMQW
MSP0078,3KFWF6CR8T
MSP0078,HVXZE1GOZJ
MSP0078,9V24J0XORH
MSP0078,B913F1Z6N7
MSP0078,O0THWJEJ6U
MSP0078,BFOC2UQR44
MSP0078,I65KPXI9GI
MSP0079,W9TEVKWNBW
MSP0079,HK76EWLMV9
MSP0079,23TWYY0BP4
MSP0079,IGIFRFINX4
MSP0079,V1I6JECXWH
MSP0079,LWM9KP3NBL
MSP0079,3B44Y36FTX
MSP0079,VYD3P4W4CB
MSP0080,HOTLQV8LD5
MSP0080,RD10KH52KZ
MSP0080,5VL7ZGGX0B
MSP0080,01H8E20FYJ
MSP0080,VGFJXNX5M7
MSP0080,LZJ7ZQQAK2
MSP0080,PUB1E2U594
MSP0080,MA37RJW5VA
MSP0080,PC66P1UX5D
MSP0080,7IPE4VC05Y
MSP0080,ASTIKZTU7O
MSP0080,3R4UQ89QMX
MSP0080,DAP6XYJROE
MSP0080,13TQXOPKGH
MSP0080,AQRM3DPG1U
MSP0080,91FM02O8H0
MSP0080,Z5DM5RA4X6
MSP0081,LJ8XPLP2FG
MSP0081,NJYQIXLVN5
MSP0081,6PDYMJX89P
MSP0081,HX4343QB8Q
MSP0081,M34FO1EGFT
MSP0082,XJQ8I5Q743
MSP0082,VUR40G3GCP
MSP0082,NGDF8O8MLR
MSP0082,MSRHIGBXQD
MSP0082,VN9UQOB83Z
MSP0082,X2JH9YKXO4
MSP0082,Y9SPTLLYL0
MSP0082,ADM8R6C8C3
MSP0082,7HRUJQGRAP
MSP0082,2E08K3MH0F
MSP0082,EZHV3YIIIW
MSP0083,JVQLLC975L
MSP0083,C91TYF9SS8
MSP0083,42R7YC5AYI
MSP0083,4JDJI6A3XD
MSP0083,JVKGNCFVYJ
MSP0083,EA9XQHVTIA
MSP0083,88W4L87EZQ
MSP0083,WM5QRYGU11
MSP0083,2PDXKLDKHB
MSP0083,FKRMZF5VL8
MSP0084,UOIU1VDUWY
MSP0084,BCV47UNQSW
MSP0084,JIHCY8WCN6
MSP0084,9HBCUJQ8CG
MSP0084,BXMCYTXNKW
MSP0084,482HFH5KL6
MSP0084,7IZCIBPFNE
MSP0085,TIH25YT1I8
MSP0085,FU3RAP040N
MSP0085,169UAMWDEO
MSP0085,ZKFDD3BRWY
MSP0085,721M68SEBR
MSP0085,Q1JUJSCJZ2
MSP0085,QQJ4GCI9EU
MSP0085,6O3YRBCZDA
MSP0085,9DQ1PRLPZA
MSP0085,VBA30GEF51
MSP0085,TPV8K661FD
MSP0085,YX580XM679
MSP0085,VYF1F3EGRG
MSP0086,XK8ICL3NH5
MSP0086,58ILWAD6GU
MSP0087,IHPE5JZFXH
MSP0087,QRTDWNQA5M
MSP0087,VWR7UX87MK
MSP0087,HIBSYHZA5Y
MSP0087,D1KDJT4YIK
MSP0087,X9UZVP78L6
MSP0087,PHQGLEY9RD
MSP0087,79BG6BR8VL
MSP0087,4GT82O7LA2
MSP0087,QAV53MYHWO
MSP0088,ISE8NVRVQC
MSP0088,22CUOJCH66
MSP0088,FJVB89F2VR
MSP0088,AZ07SSHQAS
MSP0088,N68E94XGVP
MSP0088,B36G1ZZQLC
MSP0088,C4X9H9BCQX
MSP0088,BNSSM0KXJ9
MSP0088,78H84ZN1V6
MSP0088,WHFDDCJ2VJ
MSP0088,M3V9GNDA7R
MSP0088,PYSPOAJNNJ
MSP0088,AHWNEXWR74
MSP0088,KVKANT1ERH
MSP0088,SE3LMEHEDA
MSP0089,X8QCDBEOKK
MSP0089,11HY190M9J
MSP0089,8N8MWS9TSQ
MSP0089,TQ728K4H3T
MSP0089,CYRJS7H4DZ
MSP0089,O6N7FRRL8R
MSP0089,C9SM9UYDFB
MSP0090,D3O92BL0C9
MSP0090,EYE5WBDG8V
MSP0090,CYRXMAUZXJ
MSP0090,NIREYDXNMV
MSP0090,09JIYSFYHE
MSP0090,JEVSMXWAO5
MSP0090,2NQC7D7X7N
MSP0090,NLHEX1OKFY
MSP0090,5310WXO5WW
MSP0090,Q6406O1FLU
MSP0091,1BMWD4WAAF
MSP0091,PFR8Q0P6H4
MSP0091,56RXVK097Y
MSP0091,XMO5PKDO1K
MSP0091,SA13I2X5WD
MSP0091,C7LAWAH6B1
MSP0091,09E76PEESA
MSP0092,FTALEEFTYK
MSP0092,JU24XDP4CV
MSP0092,FZRK1AGQ60
MSP0092,9BM0B6Y843
MSP0092,AG841VHRUD
MSP0093,117R7XSMKW
MSP0094,CFYF10PQ92
MSP0094,3O7YOZQ192
MSP0095,2Z3BHA2MNV
MSP0095,KSS4V8IKIX
MSP0095,PGBY8V2YMS
MSP0095,JXCG5V9G65
MSP0095,SLTA7Q8FVY
MSP0095,ZMSVR0757B
MSP0095,FJ5VUSI7OA
MSP0095,THOSYLB38C
MSP0095,01SVCZZDSS
MSP0095,0HHZ3QCRRL
MSP0095,P8X0EQWV8R
MSP0095,T9DHZAH7AP
MSP0095,H0H66ASN6L
MSP0096,THM4UAL3G7
MSP0096,TNTIE6WX96
MSP0096,HP805R2PW0
MSP0096,RMXU3BHUU6
MSP0096,0C8UAWITXA
MSP0096,RG0G4GXL9K
MSP0096,MZLDA18YCU
MSP0096,MH88RKFWVW
MSP0096,UY0O080K2I
MSP0096,H20D63PHPV
MSP0096,5JPIN0YA1G
MSP0096,G2TTFFONQE
MSP0096,ICR0E9Y7QE
MSP0096,443CTUDFUZ
MSP0096,SC4SEEZWOO
MSP0096,ZXO46C8I23
MSP0096,XGPS7LAP72
MSP0096,2IGM8QJSMX
MSP0096,VCQQJUIQ20
MSP0096,C38OSTEIK4
MSP0096,KDJTYLHI8W
MSP0096,U53QCWS7T0
MSP0096,7VPVERLGOX
MSP0096,2JF9YRZHPO
MSP0096,3WPT0NGR9E
MSP0096,6HUOQ4ETN6
MSP0096,CBOS2PT90Y
MSP0096,J5Z3GACT26
MSP0096,RVPTL6TLAY
MSP0096,GP3R7RN8TG
MSP0096,VAMCIC717Y
MSP0096,WOW17TIEFA
MSP0096,01OVGSK7NO
MSP0096,9N5SDX9QT7
MSP0096,4VK4NLSEM2
MSP0096,7NOOX4TK6V
MSP0096,LTXWN5XT7D
MSP0097,C4PT543H09
MSP0097,RP5R6I4916
MSP0097,E0IDTF2CPB
MSP0098,TJDEJN9ZZY
MSP0098,GNKH9XRPLP
MSP0099,C0H0Q8MO02
MSP0099,BAB1Q14B4I
MSP0099,EOFBQC847D
MSP0099,E5JYJFQNSI
MSP0099,XUYQXXX5M5
MSP0099,55CKURJT8L
MSP0099,N7IPKILJZ2
MSP0099,MR937LJUMA
MSP0099,FHZBPYQAF8
MSP0099,J9PJWRGKEY
MSP0099,UXQ6LOAOA9
MSP0099,O8WP3AMTRY
MSP0099,IAHJ72M84J
MSP0099,MWW9EAUAHS
MSP0100,UNTUV548VK
MSP0100,S7OWY43637
MSP0100,PO1K4JSJWP
MSP0100,3KS6KAD6VL
MSP0100,8OURSC9TIU
MSP0100,JBA8E6FDT5
